"Date","Longitude","Latitude","Elevation","Max Temperature","Min Temperature","Precipitation","Wind","Relative Humidity","Solar"
"7/31/2013","-101.561996459961","53.5471992492676","276","19.993","8.59300000000002","0.6214144608","4.12363161534313","0.747655164266485","13.191875819838",
"8/1/2013","-101.561996459961","53.5471992492676","276","19.17","10.871","0.2729415456","3.74273572518303","0.7200596401222","14.09035165236",
"8/2/2013","-101.561996459961","53.5471992492676","276","16.895","4.83999999999998","0.0171661392","2.23195398108741","0.743388459853836","13.94324791704",
"8/3/2013","-101.561996459961","53.5471992492676","276","21.695","3.88299999999998","0","1.40598199750814","0.694482775860866","26.4844735848",
"8/4/2013","-101.561996459961","53.5471992492676","276","24.539","6.32100000000003","0","1.9597725371656","0.649541825879909","25.09068153096",
"8/5/2013","-101.561996459961","53.5471992492676","276","18.146","6.38799999999998","9.015655212","2.76350417508643","0.829938475012373","10.3566370284",
"8/6/2013","-101.561996459961","53.5471992492676","276","17.074","5.29500000000002","0.0514982664","2.53093724064791","0.74176791157424","10.9779022836",
"8/7/2013","-101.561996459961","53.5471992492676","276","12.071","8.31","0.1544952312","2.85058242794635","0.716905561469081","8.23069287",
"8/8/2013","-101.561996459961","53.5471992492676","276","13.188","8.26100000000002","0.5596155648","3.81507063355471","0.768620364558802","6.65096451156",
"8/9/2013","-101.561996459961","53.5471992492676","276","17.8","9.38600000000002","6.619263876","2.96918472344812","0.902677609223059","9.35829314244",
"8/10/2013","-101.561996459961","53.5471992492676","276","22.683","9.923","2.6796354264","1.74365638418366","0.769047008532822","19.293591078",
"8/11/2013","-101.561996459961","53.5471992492676","276","22.617","12.135","0.3021241104","2.59211849060743","0.737686528840899","11.866688096256",
"8/12/2013","-101.561996459961","53.5471992492676","276","21.342","7.93099999999998","0","2.12579841906075","0.658786524062767","25.12386766044",
"8/13/2013","-101.561996459961","53.5471992492676","276","23.506","7.60599999999999","0.0034332264","1.52568008078001","0.621124073295414","24.97127431824",
"8/14/2013","-101.561996459961","53.5471992492676","276","23.896","8.988","0","1.75929632087902","0.61668530294027","24.4334098116",
"8/15/2013","-101.561996459961","53.5471992492676","276","26.288","9.32100000000003","0","2.03809665044001","0.643948243613342","23.447370312",
"8/16/2013","-101.561996459961","53.5471992492676","276","29.343","16.015","0.0137329128","2.33449852714691","0.656126724090963","21.2256312732",
"8/17/2013","-101.561996459961","53.5471992492676","276","28.671","11.681","0","1.95957162508526","0.639978767637532","22.7921837076",
"8/18/2013","-101.561996459961","53.5471992492676","276","29.446","13.089","0","1.43247212522544","0.619107580576741","21.01713168168",
"8/19/2013","-101.561996459961","53.5471992492676","276","26.518","16.164","0.5201340804","3.62827790254101","0.588131048361641","22.4189769672",
"8/20/2013","-101.561996459961","53.5471992492676","276","23.493","11.903","0.0017166132","4.36616540658596","0.488620066702823","22.74261622128",
"8/21/2013","-101.561996459961","53.5471992492676","276","19.584","11.299","0","4.63538298349333","0.572863231472971","15.3139527684",
"8/22/2013","-101.561996459961","53.5471992492676","276","23.907","9.12","0","3.04014710536465","0.642495300704149","22.1991360372",
"8/23/2013","-101.561996459961","53.5471992492676","276","29.448","14.244","0","2.94255202879009","0.540683519946223","21.16104821568",
"8/24/2013","-101.561996459961","53.5471992492676","276","28.807","15.29","3.095054172","1.94371772768861","0.817261072460656","18.55419610212",
"8/25/2013","-101.561996459961","53.5471992492676","276","28.464","14.219","0.2746582128","1.46887488748931","0.805756497209416","18.09378445392",
"8/26/2013","-101.561996459961","53.5471992492676","276","25.87","14.38","0.06179814","3.27737103691514","0.629437435330025","15.40166037624",
"8/27/2013","-101.561996459961","53.5471992492676","276","18.402","10.598","4.071809664","1.87731621623179","0.95359780259303","3.83065910352",
"8/28/2013","-101.561996459961","53.5471992492676","276","26.205","14.508","0.326156652","1.74971695260734","0.832479576282466","17.5189372128",
"8/29/2013","-101.561996459961","53.5471992492676","276","26.213","11.735","0.048065184","2.15418054953067","0.688815995407099","19.0426981464",
"8/30/2013","-101.561996459961","53.5471992492676","276","25.054","14.627","7.7281972344","3.55953120435368","0.7929673423327","16.56663264972",
"8/31/2013","-101.561996459961","53.5471992492676","276","14.796","8.48000000000002","27.54994176","2.48160140950304","0.9697333237132","3.05639846784",
"9/1/2013","-101.561996459961","53.5471992492676","276","21.425","6.99599999999998","0.0017166132","2.29645100141305","0.775312414655271","19.6406863524",
"9/2/2013","-101.561996459961","53.5471992492676","276","26.892","11.496","0","3.38479636991135","0.637609274686303","19.4149412532",
"9/3/2013","-101.561996459961","53.5471992492676","276","17.561","4.95299999999997","0","2.94906138793446","0.644372294427268","19.7275550976",
"9/4/2013","-101.561996459961","53.5471992492676","276","25.271","7.38","0","3.04686510053343","0.600377146878498","18.8433357624",
"9/5/2013","-101.561996459961","53.5471992492676","276","29.662","16.066","0","3.03184363213556","0.610509258292679","18.4180357404",
"9/6/2013","-101.561996459961","53.5471992492676","276","23.768","13.37","0","2.72882876669243","0.660297277703248","14.9383557396",
"9/7/2013","-101.561996459961","53.5471992492676","276","20.199","8.89499999999998","0","1.90763482996505","0.727851990675791","16.21682843436",
"9/8/2013","-101.561996459961","53.5471992492676","276","21.593","10.585","0","2.06495521766465","0.753013146854306","11.300046948",
"9/9/2013","-101.561996459961","53.5471992492676","276","25.183","11.939","2.3105627064","2.19146673948154","0.740961743448725","16.7233120236",
"9/10/2013","-101.561996459961","53.5471992492676","276","21.109","12.666","5.00221152","3.78761572645771","0.718340091128255","13.8395809836",
"9/11/2013","-101.561996459961","53.5471992492676","276","15.177","6.75799999999998","0.4119871464","3.00915013201547","0.789813810844943","5.529736379016",
"9/12/2013","-101.561996459961","53.5471992492676","276","19.234","4.30200000000002","0","2.21919386541017","0.696593097870103","17.4008382516",
"9/13/2013","-101.561996459961","53.5471992492676","276","25.945","11.391","0.08239752","4.1325962688179","0.532180593598831","17.0374850208",
"9/14/2013","-101.561996459961","53.5471992492676","276","15.909","3.26999999999998","0.030899052","3.12942367624822","0.614775901117457","17.2015222932",
"9/15/2013","-101.561996459961","53.5471992492676","276","17.113","0.252999999999986","0","2.07486616524717","0.687221171344073","16.8767474724",
"9/16/2013","-101.561996459961","53.5471992492676","276","22.209","5.91699999999997","0","4.0728165154874","0.524024632548344","16.5377104848",
"9/17/2013","-101.561996459961","53.5471992492676","276","25.674","13.802","0.130462596","3.77584662234419","0.607594571666312","15.7256174196",
"9/18/2013","-101.561996459961","53.5471992492676","276","14.905","9.20999999999998","0.6763461264","1.87636653012414","0.776896014408298","5.179738343436",
"9/19/2013","-101.561996459961","53.5471992492676","276","8.58199999999999","5.32799999999997","1.314925776","3.33516539656499","0.892122341774658","2.9162240532",
"9/20/2013","-101.561996459961","53.5471992492676","276","10.922","2.226","0.0823974624","1.86908755044822","0.754165518294703","14.3961347664",
"9/21/2013","-101.561996459961","53.5471992492676","276","14.836","1.262","0","3.98816169729633","0.737961011687552","15.18232643352",
"9/22/2013","-101.561996459961","53.5471992492676","276","18.549","8.029","1.277160768","3.033401255293","0.709079464643084","8.8665256548",
"9/23/2013","-101.561996459961","53.5471992492676","276","20.706","7.84899999999999","0.487518192","1.3562539819565","0.797009412915929","9.8577927828",
"9/24/2013","-101.561996459961","53.5471992492676","276","18.844","9.19299999999998","0.188827596","4.18187267415335","0.650401087117544","14.44082665068",
"9/25/2013","-101.561996459961","53.5471992492676","276","9.81900000000002","5.79599999999999","17.1009072","2.40950380579158","0.87274678852346","1.1308744332",
"9/26/2013","-101.561996459961","53.5471992492676","276","11.299","6.85500000000002","40.6940436","4.5883708030749","0.983208042862451","0.82683088128",
"9/27/2013","-101.561996459961","53.5471992492676","276","9.23399999999998","5.62799999999999","1.5483850848","4.23020354370326","0.868891844401536","4.86620376408",
"9/28/2013","-101.561996459961","53.5471992492676","276","14.372","2.60500000000002","0.0034332264","1.50628721585977","0.777647976360002","13.9207584204",
"9/29/2013","-101.561996459961","53.5471992492676","276","11.684","4.87799999999999","5.012514432","3.29325143319975","0.859242904751311","3.94640401572",
"9/30/2013","-101.561996459961","53.5471992492676","276","15.426","6.88400000000001","1.2496947048","3.42360670852695","0.815357816523476","6.2991102636",
"10/1/2013","-101.561996459961","53.5471992492676","276","8.87200000000001","4.95600000000002","8.6328486","2.21698939472134","0.947951365079235","1.84269813948",
"10/2/2013","-101.561996459961","53.5471992492676","276","4.779","1.73500000000001","11.63349504","2.39229108528151","0.988527201879213","2.57789778138",
"10/3/2013","-101.561996459961","53.5471992492676","276","3.06700000000001","1.17000000000002","0.8239748544","1.93026680587094","0.921017223905641","3.9383203608",
"10/4/2013","-101.561996459961","53.5471992492676","276","6.09800000000001","0.331999999999994","0.1579284648","1.29600908278939","0.841567811510652","8.04679763508",
"10/5/2013","-101.561996459961","53.5471992492676","276","9.98599999999999","0.0400000000000205","0.0017166132","3.51226011950283","0.775124955813317","12.077044236",
"10/6/2013","-101.561996459961","53.5471992492676","276","8.64299999999997","4.37299999999999","1.01280204","4.00623114801535","0.902308035368115","2.57268538692",
"10/7/2013","-101.561996459961","53.5471992492676","276","9.77699999999999","-0.545000000000016","0.017166132","3.3161430835619","0.873620676956314","7.678320823908",
"10/8/2013","-101.561996459961","53.5471992492676","276","12.034","2.58300000000003","0.068664528","2.95636502374637","0.900727664713142","7.48981602792",
"10/9/2013","-101.561996459961","53.5471992492676","276","7.83499999999998","2.92399999999998","1.792145232","2.64984517870594","0.920207380657743","1.72347419808",
"10/10/2013","-101.561996459961","53.5471992492676","276","12.521","1.62299999999999","3.67698708","2.91584010840741","0.835454567215151","7.9723046916",
"10/11/2013","-101.561996459961","53.5471992492676","276","9.78800000000001","5.14999999999998","10.6996599","3.2191425238441","0.956197105565558","1.745538966",
"10/12/2013","-101.561996459961","53.5471992492676","276","7.19","2.72399999999999","2.186965584","6.20202706417643","0.822941506501999","10.1244590208",
"10/13/2013","-101.561996459961","53.5471992492676","276","7.79399999999998","0.894999999999982","0.1579284504","3.13875284347208","0.871065442828246","7.8578355276",
"10/14/2013","-101.561996459961","53.5471992492676","276","5.93900000000002","-0.293000000000006","0.199127196","1.90326963113309","0.818981652549563","10.670163939",
"10/15/2013","-101.561996459961","53.5471992492676","276","10.033","0.697000000000003","0.0034332264","4.09115224183165","0.72621135638008","10.0470506020632",
"10/16/2013","-101.561996459961","53.5471992492676","276","8.49099999999999","2.904","0.9510034392","4.13601646107723","0.832775690242381","3.2621489568",
"10/17/2013","-101.561996459961","53.5471992492676","276","4.81299999999999","0.452999999999975","0.894356208","3.17353555567459","0.860882942640468","3.9622423248",
"10/18/2013","-101.561996459961","53.5471992492676","276","3.983","0.492999999999995","2.49252372","3.32678352571437","0.908714284008664","4.9948312896",
"10/19/2013","-101.561996459961","53.5471992492676","276","1.334","-2.29500000000002","1.2943269648","1.67868947460329","0.800484310202961","4.61135210868",
"10/20/2013","-101.561996459961","53.5471992492676","276","-0.250999999999976","-6.20400000000001","0.7072441776","2.30686308569087","0.749088886500727","7.5378476479068",
"10/21/2013","-101.561996459961","53.5471992492676","276","0.752999999999986","-6.89699999999999","0","1.61751397955347","0.704770754249064","9.656672478336",
"10/22/2013","-101.561996459961","53.5471992492676","276","1.26299999999998","-7.779","0.048065148","1.27587994387528","0.794490775831489","9.298535202",
"10/23/2013","-101.561996459961","53.5471992492676","276","1.07100000000003","-3.95100000000002","1.05056838","3.86963583833094","0.917150357654984","2.7662493708",
"10/24/2013","-101.561996459961","53.5471992492676","276","2.91500000000002","-3.10599999999999","0.223159788","3.0794935031361","0.815077538737539","7.3912171572",
"10/25/2013","-101.561996459961","53.5471992492676","276","4.32100000000003","-0.269999999999982","1.131248448","6.31225096236521","0.831379829714089","3.5525128356",
"10/26/2013","-101.561996459961","53.5471992492676","276","2.08199999999999","-4.41699999999997","0.5613326424","3.02549962958754","0.85827369229292","2.19803961744",
"10/27/2013","-101.561996459961","53.5471992492676","276","-0.372000000000014","-8.90600000000001","0.669479148","3.58240874353575","0.743953833550073","8.31347343",
"10/28/2013","-101.561996459961","53.5471992492676","276","-4.923","-10.775","0.0017166132","2.409694250684","0.801801643524107","8.592893892",
"10/29/2013","-101.561996459961","53.5471992492676","276","0.329000000000008","-9.31099999999998","0","4.52488856337028","0.70670536849387","7.891552458",
"10/30/2013","-101.561996459961","53.5471992492676","276","3.65300000000002","-0.999000000000024","0.0343322928","4.6138002424965","0.819404497989742","6.0133895532",
"10/31/2013","-101.561996459961","53.5471992492676","276","4.38799999999998","-1.815","0.406837368","1.77266016045113","0.94223334439918","4.0685538456",
"11/1/2013","-101.561996459961","53.5471992492676","276","1.71699999999998","-1.10899999999998","0.9321216408","2.5760158999363","0.90957246116814","3.065072202",
"11/2/2013","-101.561996459961","53.5471992492676","276","5.11000000000001","0.427000000000021","0.6214144392","1.51169979629559","0.937106592808117","2.6110482156",
"11/3/2013","-101.561996459961","53.5471992492676","276","2.88499999999999","0.547000000000025","12.1072775544","4.2118491073583","0.978975541997007","0.9773059068",
"11/4/2013","-101.561996459961","53.5471992492676","276","1.00599999999997","-5.01100000000002","14.9431212","4.72913877881797","0.973619617166747","1.33615577844",
"11/5/2013","-101.561996459961","53.5471992492676","276","-4.87599999999998","-6.09800000000001","2.27108016","4.32294806087131","0.874027136833813","3.41663760972",
"11/6/2013","-101.561996459961","53.5471992492676","276","-4.93700000000001","-8.99799999999999","0.47550186","2.0192603075614","0.889715274865734","4.7167414632",
"11/7/2013","-101.561996459961","53.5471992492676","276","-1.47699999999998","-8.83699999999999","0.889205832","2.30466018089388","0.918290333285637","2.742608592",
"11/8/2013","-101.561996459961","53.5471992492676","276","-2.863","-7.78500000000003","11.3073303276","3.21979272406256","0.964192135665415","1.145354112",
"11/9/2013","-101.561996459961","53.5471992492676","276","-3.99400000000003","-8.48099999999999","2.768897124","3.56019488338715","0.959979932037555","4.069999926",
"11/10/2013","-101.561996459961","53.5471992492676","276","-5.05599999999998","-17.029","1.093483512","4.88494980866261","0.886389687019674","5.07054780612",
"11/11/2013","-101.561996459961","53.5471992492676","276","-8.20499999999998","-20.822","0.0497817648","3.72025891707804","0.868874931687877","6.6966882912",
"11/12/2013","-101.561996459961","53.5471992492676","276","0.0600000000000023","-7.77699999999999","0.0429153228","4.02451271757222","0.970183787475587","6.0548373756",
"11/13/2013","-101.561996459961","53.5471992492676","276","1.488","-4.10199999999998","0.7776257544","4.96875264807664","0.972367242051579","1.85416548084",
"11/14/2013","-101.561996459961","53.5471992492676","276","-2.38200000000001","-6.255","0.9243957348","2.10152278532014","0.932075964828136","3.1005127656",
"11/15/2013","-101.561996459961","53.5471992492676","276","1.31599999999997","-2.36900000000003","1.258277616","4.2779157440058","0.963942269977684","1.87766012412",
"11/16/2013","-101.561996459961","53.5471992492676","276","-2.55000000000001","-10.274","1.217937384","3.42454983662053","0.911445297080576","2.68417945188",
"11/17/2013","-101.561996459961","53.5471992492676","276","-10.659","-12.904","0.6437301156","2.98921567495421","0.858368906203237","3.7622690856",
"11/18/2013","-101.561996459961","53.5471992492676","276","-7.54000000000002","-12.69","1.0196690076","1.66073087086016","0.899742557183944","3.38784878448",
"11/19/2013","-101.561996459961","53.5471992492676","276","-4.88099999999997","-11.889","8.033754888","3.165897292758","0.955381695374405","0.6957888444",
"11/20/2013","-101.561996459961","53.5471992492676","276","-12.45","-18.503","0.6591803328","3.85381280228406","0.866929148082278","4.25998519596",
"11/21/2013","-101.561996459961","53.5471992492676","276","-14.79","-22.722","1.1947630716","2.27735920898708","0.838040409643173","3.618048312",
"11/22/2013","-101.561996459961","53.5471992492676","276","-18.338","-24.26","0.2574921276","2.42831161195237","0.806646491341756","5.2921422252",
"11/23/2013","-101.561996459961","53.5471992492676","276","-10.615","-25.214","0.3604887648","3.44142505152877","0.833290284567101","3.58816388256",
"11/24/2013","-101.561996459961","53.5471992492676","276","0.0450000000000159","-9.17200000000003","3.647804796","5.24289695011127","0.969966290792301","1.275986548332",
"11/25/2013","-101.561996459961","53.5471992492676","276","-4.40800000000002","-11.888","1.96723944","5.42925522569625","0.932441691592206","2.98463069664",
"11/26/2013","-101.561996459961","53.5471992492676","276","-10.586","-24.928","0.1115800488","2.04381590169008","0.884831689833055","3.7048786596",
"11/27/2013","-101.561996459961","53.5471992492676","276","-9.26100000000002","-14.167","1.0076524704","2.80860334527062","0.928013185167871","2.8392569712",
"11/28/2013","-101.561996459961","53.5471992492676","276","-12.572","-24.39","0.2737998072","2.0103125218228","0.86402173375714","4.3367241276",
"11/29/2013","-101.561996459961","53.5471992492676","276","-5.41800000000001","-13.148","2.739716856","3.1346897825196","0.944656563630854","2.96158786452",
"11/30/2013","-101.561996459961","53.5471992492676","276","-5.23700000000002","-13.043","1.0085102856","1.2200716708938","0.954740943470898","2.775992112",
"12/1/2013","-101.561996459961","53.5471992492676","276","-7.51600000000002","-13.156","0.920104632","2.82633051884018","0.944771814604317","2.589670908",
"12/2/2013","-101.561996459961","53.5471992492676","276","-8.197","-18.247","0.84457386","3.44190522966945","0.890076067799624","3.482604324",
"12/3/2013","-101.561996459961","53.5471992492676","276","-18.906","-29.092","0.1956939264","1.72956680454251","0.7943136263128","4.14942684696",
"12/4/2013","-101.561996459961","53.5471992492676","276","-18.417","-27.206","0.3896714592","1.74068487892208","0.794742311761262","3.1339928844",
"12/5/2013","-101.561996459961","53.5471992492676","276","-20.86","-23.939","0.930404412","3.66628974745494","0.795056170729324","3.1202510292",
"12/6/2013","-101.561996459961","53.5471992492676","276","-21.472","-23.754","0.837707904","3.38810816641658","0.794787110581503","2.84097021876",
"12/7/2013","-101.561996459961","53.5471992492676","276","-21.542","-27.303","0.1029968208","4.49630365352629","0.782040565421158","3.99954804588",
"12/8/2013","-101.561996459961","53.5471992492676","276","-19.154","-23.627","0.849723444","3.43594182662229","0.803082113397812","3.42032383944",
"12/9/2013","-101.561996459961","53.5471992492676","276","-21.514","-25.357","0.2197265688","3.02543425034008","0.788836926148865","3.403486531656",
"12/10/2013","-101.561996459961","53.5471992492676","276","-20.591","-24.308","0.666046224","4.37500211552215","0.794110442664551","3.1825206936",
"12/11/2013","-101.561996459961","53.5471992492676","276","-20.462","-25.477","0.066947922","3.73029351875596","0.786437705905717","3.90017865348",
"12/12/2013","-101.561996459961","53.5471992492676","276","-23.06","-30.923","0.1115798976","2.45058705138469","0.775353685291473","3.518187756408",
"12/13/2013","-101.561996459961","53.5471992492676","276","-25.505","-33.912","0.5458832064","0.780643955779971","0.747390183569264","3.1339643688",
"12/14/2013","-101.561996459961","53.5471992492676","276","-25.482","-33.521","0.4806522","0.99494052013758","0.752321209997546","3.8008601496",
"12/15/2013","-101.561996459961","53.5471992492676","276","-7.142","-29.547","5.7781259172","4.38653855182262","0.831388540819389","0.9947209392",
"12/16/2013","-101.561996459961","53.5471992492676","276","-3.09800000000001","-16.983","4.74987276","6.01540444384252","0.949005531457288","1.989520010856",
"12/17/2013","-101.561996459961","53.5471992492676","276","-17.728","-23.242","2.4375916224","3.03739269865208","0.821005832532723","3.67495790292",
"12/18/2013","-101.561996459961","53.5471992492676","276","-17.063","-26.158","2.756880792","3.15369396679202","0.815327555833685","3.0717408564",
"12/19/2013","-101.561996459961","53.5471992492676","276","-20.905","-27.301","0.120162924","3.49105635652136","0.784566755595402","3.84413396796",
"12/20/2013","-101.561996459961","53.5471992492676","276","-19.636","-37.327","0.1356124824","2.19412646900837","0.770908976225358","3.77047145628",
"12/21/2013","-101.561996459961","53.5471992492676","276","-27.576","-41.67","0","1.20154607627351","0.70759889532361","4.1122095732",
"12/22/2013","-101.561996459961","53.5471992492676","276","-24.341","-36.256","0","1.72851855390364","0.734767430677195","3.916665135",
"12/23/2013","-101.561996459961","53.5471992492676","276","-13.2","-27.277","0.4428864","4.59624121082621","0.813455429607188","2.7381183696",
"12/24/2013","-101.561996459961","53.5471992492676","276","-9.56099999999998","-19.478","1.25141076","4.0433231017909","0.902437374869646","2.7881478576",
"12/25/2013","-101.561996459961","53.5471992492676","276","-18.483","-31.926","0.1167297336","1.82999941723123","0.800703602759047","3.6882019476",
"12/26/2013","-101.561996459961","53.5471992492676","276","-6.07499999999999","-23.07","4.006576368","1.69115508151635","0.898080362399938","1.7636131116",
"12/27/2013","-101.561996459961","53.5471992492676","276","-8.26499999999999","-22.709","3.196334196","2.59631183294052","0.864559537876925","2.58559241868",
"12/28/2013","-101.561996459961","53.5471992492676","276","-23.495","-33.141","0.2437591032","3.55982332648795","0.749392979431013","4.0518577188",
"12/29/2013","-101.561996459961","53.5471992492676","276","-27.363","-34.857","0","3.16264016429561","0.743966728054876","4.0496978772",
"12/30/2013","-101.561996459961","53.5471992492676","276","-28.208","-33.717","0.06008148","3.10938075182305","0.73335691471019","3.8260349208",
"12/31/2013","-101.561996459961","53.5471992492676","276","-29.154","-35.306","0.0034332264","2.48194334815882","0.720725822896317","4.264107552",
"1/1/2014","-101.561996459961","53.5471992492676","276","-25.932","-32.558","0","2.18253999276973","0.726953932740467","4.389887215188",
"1/2/2014","-101.561996459961","53.5471992492676","276","-14.678","-32.29","4.87174788","3.172030833389","0.775221323499396","3.112474482",
"1/3/2014","-101.561996459961","53.5471992492676","276","-11.415","-22.63","2.2350310344","3.53351725646359","0.876156888907591","2.7169610004",
"1/4/2014","-101.561996459961","53.5471992492676","276","-22.849","-31.011","0.381088368","5.50446475118957","0.75946094527253","3.6352285488",
"1/5/2014","-101.561996459961","53.5471992492676","276","-26.791","-31.417","0.307274004","5.0035969415981","0.748176116571893","3.5025974352",
"1/6/2014","-101.561996459961","53.5471992492676","276","-25.436","-31.935","0.1699447572","3.61859027515396","0.752094834491575","3.6217284372",
"1/7/2014","-101.561996459961","53.5471992492676","276","-23.501","-29.202","0.0411987456","3.08864447526479","0.769499697254831","4.4978635728",
"1/8/2014","-101.561996459961","53.5471992492676","276","-14.97","-27.702","0.865173312","3.43981260136038","0.802574243031019","3.8547612108",
"1/9/2014","-101.561996459961","53.5471992492676","276","-8.50400000000002","-14.968","0.666046152","2.15098698141191","0.931946453927224","3.13817451732",
"1/10/2014","-101.561996459961","53.5471992492676","276","-5.33300000000003","-12.443","0.750160332","1.86260847149584","0.956173758449212","2.7403065936",
"1/11/2014","-101.561996459961","53.5471992492676","276","-5.25400000000002","-8.48099999999999","4.076959824","3.1304489913598","0.967369390199728","3.07334916648",
"1/12/2014","-101.561996459961","53.5471992492676","276","-6.452","-20.746","6.818395536","2.97262695017336","0.923137656250798","2.79197535528",
"1/13/2014","-101.561996459961","53.5471992492676","276","-12.324","-23.069","0.9578703096","2.21525748800639","0.869485538874961","3.32597267352",
"1/14/2014","-101.561996459961","53.5471992492676","276","-12.93","-23.509","0.4600525968","4.04868580456954","0.827296919082621","5.0936273406",
"1/15/2014","-101.561996459961","53.5471992492676","276","0.781999999999982","-18.586","14.6993611464","7.49136215086953","0.950763749194658","1.1479254696",
"1/16/2014","-101.561996459961","53.5471992492676","276","-11.86","-21.663","0.525284064","3.62213142364382","0.868676847640231","4.96973190924",
"1/17/2014","-101.561996459961","53.5471992492676","276","-3.51799999999997","-11.335","5.833051056","1.94479244545044","0.970572741677303","1.5394468284",
"1/18/2014","-101.561996459961","53.5471992492676","276","-2.14800000000002","-11.715","0.992202984","3.29382470113313","0.970965728135472","2.3498663256",
"1/19/2014","-101.561996459961","53.5471992492676","276","-7.47000000000003","-24.647","4.358482704","3.41168240009977","0.848602961048742","2.38922749188",
"1/20/2014","-101.561996459961","53.5471992492676","276","-21.111","-30.207","0.271225008","2.87265043061879","0.770565579384988","5.6764007496",
"1/21/2014","-101.561996459961","53.5471992492676","276","-13.424","-23.238","3.40061472","3.89516266982954","0.857090190901302","4.1795736768",
"1/22/2014","-101.561996459961","53.5471992492676","276","-22.672","-29.671","0.0411987312","2.86545479926416","0.766777686904725","5.926428504",
"1/23/2014","-101.561996459961","53.5471992492676","276","-1.32999999999998","-24.511","0.767326392","5.86744894542579","0.89257574290556","2.77782020352",
"1/24/2014","-101.561996459961","53.5471992492676","276","-1.471","-20.609","1.7475126192","5.27450429743618","0.931448811686896","4.7119374972",
"1/25/2014","-101.561996459961","53.5471992492676","276","-15.128","-23.259","3.0452748984","2.36923991191647","0.835608956830724","2.28749769",
"1/26/2014","-101.561996459961","53.5471992492676","276","-14.253","-27.753","1.284027192","6.27585578780333","0.78816608057863","5.290829838",
"1/27/2014","-101.561996459961","53.5471992492676","276","-27.058","-31.393","0.1167297264","4.35547181480981","0.753524150618784","6.228940838868",
"1/28/2014","-101.561996459961","53.5471992492676","276","-13.572","-28.316","0.0034332264","4.12285530179127","0.819468031763456","6.66780040404",
"1/29/2014","-101.561996459961","53.5471992492676","276","-10.677","-23.931","0.748443564","5.07782180956527","0.852907815543212","5.40598980492",
"1/30/2014","-101.561996459961","53.5471992492676","276","-22.265","-26.361","0.250625484","4.76736937935516","0.782544219627151","6.02103939732",
"1/31/2014","-101.561996459961","53.5471992492676","276","-16.785","-21.796","0.971603028","3.27049505723062","0.82554979604898","5.7562700364",
"2/1/2014","-101.561996459961","53.5471992492676","276","-20.074","-23.89","0.295257636","3.14057008085814","0.805829991303718","6.6478711032",
"2/2/2014","-101.561996459961","53.5471992492676","276","-14.423","-21.52","1.1775969144","3.91007633793718","0.851819772762903","5.3198588988",
"2/3/2014","-101.561996459961","53.5471992492676","276","-19.887","-26.444","0.3313064664","3.23592946948431","0.792215388793629","6.35791093668",
"2/4/2014","-101.561996459961","53.5471992492676","276","-20.727","-25.836","0.236892744","3.2766035498601","0.78756259728377","6.7821588666",
"2/5/2014","-101.561996459961","53.5471992492676","276","-18.073","-27.377","0.3107070576","4.75179118985891","0.799645999141763","6.7153186026",
"2/6/2014","-101.561996459961","53.5471992492676","276","-14.838","-21.717","0.4634855928","5.89181463352993","0.839584093309939","6.617713662",
"2/7/2014","-101.561996459961","53.5471992492676","276","-15.751","-29.344","0.3055571424","2.07823797868778","0.812310802244561","7.5315280788",
"2/8/2014","-101.561996459961","53.5471992492676","276","-22.932","-29.941","0.1476288","3.19822427597621","0.769163514401205","7.66440024912",
"2/9/2014","-101.561996459961","53.5471992492676","276","-22.152","-29.862","0.133895916","2.92725644130688","0.770766787810189","7.79161410972",
"2/10/2014","-101.561996459961","53.5471992492676","276","-17.754","-26.829","0.0137329056","2.17908404831419","0.792569169764198","8.0767120788",
"2/11/2014","-101.561996459961","53.5471992492676","276","-19.358","-29.361","0.8909222832","2.54397081365145","0.797337329989433","7.10790643944",
"2/12/2014","-101.561996459961","53.5471992492676","276","-24.201","-36.318","0.1150130664","2.4511965267721","0.764731669104428","7.2620606268",
"2/13/2014","-101.561996459961","53.5471992492676","276","-19.667","-37.813","0.2471923152","1.65049638094973","0.778170993507345","8.3901889872",
"2/14/2014","-101.561996459961","53.5471992492676","276","-13.963","-24.357","2.647019412","1.8665810533383","0.836400226008308","5.07055936428",
"2/15/2014","-101.561996459961","53.5471992492676","276","-18.161","-34.053","0.0789641712","1.49375608985935","0.796439330901816","9.28692416376",
"2/16/2014","-101.561996459961","53.5471992492676","276","-10.414","-20.247","1.8402093504","4.33282785688313","0.887964214608638","5.16583302156",
"2/17/2014","-101.561996459961","53.5471992492676","276","-2.83600000000001","-10.602","2.279663604","2.35094961809428","0.966725633478344","5.4760783068",
"2/18/2014","-101.561996459961","53.5471992492676","276","-6.08699999999999","-17.224","1.4625547344","3.65280319084357","0.955021473451277","6.0089728239",
"2/19/2014","-101.561996459961","53.5471992492676","276","-17.008","-31.83","0.1819610172","1.77024780913077","0.801882293242727","9.24735050712",
"2/20/2014","-101.561996459961","53.5471992492676","276","-18.595","-33.806","0.0738144036","1.7040691430776","0.786940257282174","10.0025855388",
"2/21/2014","-101.561996459961","53.5471992492676","276","-16.389","-26.61","0.3467559312","3.49622538034063","0.819953126253072","9.2036660148",
"2/22/2014","-101.561996459961","53.5471992492676","276","-15.171","-22.455","0.518417424","4.69796827271366","0.841633363533624","9.5303506428",
"2/23/2014","-101.561996459961","53.5471992492676","276","-19.883","-23.594","0.345039408","4.34013923073316","0.805067289866748","9.57641338692",
"2/24/2014","-101.561996459961","53.5471992492676","276","-17.573","-28.191","0.4308700392","3.87524924896849","0.796828128225523","10.80373101156",
"2/25/2014","-101.561996459961","53.5471992492676","276","-17.663","-30.142","0.1167298488","4.86381525164901","0.790834421099547","11.3485301928",
"2/26/2014","-101.561996459961","53.5471992492676","276","-15.582","-28.989","0.6265640592","5.36899387085364","0.805765628369136","10.49983581024",
"2/27/2014","-101.561996459961","53.5471992492676","276","-16.744","-31.073","1.1466980784","1.77031320091792","0.800318106131408","9.227169322776",
"2/28/2014","-101.561996459961","53.5471992492676","276","-20.509","-31.819","0.918388656","3.93897107304741","0.760517179314191","10.4214209328",
"3/1/2014","-101.561996459961","53.5471992492676","276","-22.31","-33.78","0.1493454672","5.08196796598953","0.754366302812715","11.479711428",
"3/2/2014","-101.561996459961","53.5471992492676","276","-19.25","-27.56","0.1647949896","3.33307028772239","0.790111199476588","11.7421727436",
"3/3/2014","-101.561996459961","53.5471992492676","276","-15.968","-35.071","0.0600814908","1.49625690541848","0.785272982137321","12.3989128776",
"3/4/2014","-101.561996459961","53.5471992492676","276","-13.536","-35.465","0.3810881016","1.57048843830613","0.825813771838473","9.888115482",
"3/5/2014","-101.561996459961","53.5471992492676","276","-11.121","-29.975","2.1835328904","1.56866307768526","0.887381741733883","8.175705444",
"3/6/2014","-101.561996459961","53.5471992492676","276","-11.737","-27.107","1.9397743704","1.52658641103566","0.880762297775237","8.6940424692",
"3/7/2014","-101.561996459961","53.5471992492676","276","-10.701","-22.934","0.296974116","2.47431210886417","0.873733793553447","11.9439431064",
"3/8/2014","-101.561996459961","53.5471992492676","276","-1.20400000000001","-19.505","2.825546544","2.95241481013","0.915373395047217","7.57286039052",
"3/9/2014","-101.561996459961","53.5471992492676","276","-0.668999999999983","-6.09100000000001","1.56211866","2.0114936837012","0.986824997243245","7.2170244072",
"3/10/2014","-101.561996459961","53.5471992492676","276","0.375999999999976","-8.09500000000003","1.92603996","4.82311063262137","0.98086772661174","8.5462622568",
"3/11/2014","-101.561996459961","53.5471992492676","276","-9.23000000000002","-16.507","1.081466784","2.38709041120437","0.917365470429168","10.3454202798",
"3/12/2014","-101.561996459961","53.5471992492676","276","0.596000000000004","-12.144","1.865959272","3.38736470233069","0.984117892705805","6.0131127456",
"3/13/2014","-101.561996459961","53.5471992492676","276","0.62299999999999","-14.424","3.70788516","4.08254450616409","0.978245959671733","3.2691457584",
"3/14/2014","-101.561996459961","53.5471992492676","276","-14.357","-23.45","0.456619212","2.2298363945903","0.851543403854919","13.4848687536",
"3/15/2014","-101.561996459961","53.5471992492676","276","-10.758","-31.666","0.2437591248","2.59790757005245","0.854039773168679","14.0735668428",
"3/16/2014","-101.561996459961","53.5471992492676","276","-5.67099999999999","-12.999","6.950568132","3.07768254590622","0.954516281170625","3.97217932812",
"3/17/2014","-101.561996459961","53.5471992492676","276","-3.56400000000002","-9.40100000000001","6.0081534","2.22774731338626","0.974994872952431","6.90523518276",
"3/18/2014","-101.561996459961","53.5471992492676","276","-1.71199999999999","-8.14299999999997","0.872039448","1.8044004233659","0.976682503948965","12.7418352084",
"3/19/2014","-101.561996459961","53.5471992492676","276","-0.214999999999975","-8.16500000000002","1.788711768","1.94261582200643","0.9839554231817","6.79083702552",
"3/20/2014","-101.561996459961","53.5471992492676","276","-0.687000000000012","-14.985","3.622054536","3.530995089848","0.954727091589091","6.5629593576",
"3/21/2014","-101.561996459961","53.5471992492676","276","-16.036","-24.44","0.686645388","4.41904732281431","0.836609271070145","15.40209959424",
"3/22/2014","-101.561996459961","53.5471992492676","276","-14.951","-23.856","0.36392202","3.05194349758014","0.832534155450321","15.86383002",
"3/23/2014","-101.561996459961","53.5471992492676","276","-8.839","-21.832","0.631713744","3.69009015257833","0.882454684217077","15.2657638848",
"3/24/2014","-101.561996459961","53.5471992492676","276","-10.792","-18.98","1.1398304304","5.39768419165055","0.891033443932928","15.1131131208",
"3/25/2014","-101.561996459961","53.5471992492676","276","-9.08199999999999","-19.086","0.3948210648","3.57316662772731","0.897887933171408","17.24805823248",
"3/26/2014","-101.561996459961","53.5471992492676","276","-8.113","-14.017","0.8686065024","2.6653429135569","0.93040403180615","13.89914931888",
"3/27/2014","-101.561996459961","53.5471992492676","276","-8.709","-28.835","0.5836489416","1.72899847380876","0.898278597596269","16.2599239836",
"3/28/2014","-101.561996459961","53.5471992492676","276","-5.07999999999998","-16.769","0.4772184624","3.59587520088393","0.930360761195622","16.03800340632",
"3/29/2014","-101.561996459961","53.5471992492676","276","-1.209","-14.61","1.3544080848","2.32333244375492","0.959828143786847","10.9734546024",
"3/30/2014","-101.561996459961","53.5471992492676","276","-4.77300000000002","-24.829","0.5939484048","3.42837139240509","0.869693362229321","18.1880629128",
"3/31/2014","-101.561996459961","53.5471992492676","276","-11.358","-36.337","0.0686645496","1.16027581803216","0.808460449097842","19.427894856",
"4/1/2014","-101.561996459961","53.5471992492676","276","-5.50599999999997","-30.379","0","1.83572030851998","0.883294504099125","19.94007553812",
"4/2/2014","-101.561996459961","53.5471992492676","276","-2.053","-11.58","2.2659302232","2.00760306620885","0.967645283587031","13.3018216668",
"4/3/2014","-101.561996459961","53.5471992492676","276","-0.757000000000005","-5.43099999999998","5.3060526","1.42027345592797","0.991057314176418","8.714550000564",
"4/4/2014","-101.561996459961","53.5471992492676","276","-0.173999999999978","-5.23000000000002","8.164213632","4.04972313359107","0.987298798819533","11.97251458956",
"4/5/2014","-101.561996459961","53.5471992492676","276","0.271999999999991","-3.959","1.732063788","3.81364254492968","0.98212939966635","19.71326976372",
"4/6/2014","-101.561996459961","53.5471992492676","276","0.180000000000007","-4.298","1.70288064","1.70220721310262","0.987986003531424","7.50094479",
"4/7/2014","-101.561996459961","53.5471992492676","276","0.898000000000025","-4.411","2.7791984916","2.12995988827663","0.994574189514396","8.9170379064",
"4/8/2014","-101.561996459961","53.5471992492676","276","4.286","-1.81200000000001","4.689789984","3.01612554495712","0.997087980488243","5.964516227628",
"4/9/2014","-101.561996459961","53.5471992492676","276","7.05200000000002","0.785000000000025","4.91981292","5.33681960018044","0.954927012956086","4.0201847568",
"4/10/2014","-101.561996459961","53.5471992492676","276","3.99900000000002","-4.93299999999999","1.850509692","4.25927816048146","0.926313151551568","14.2040372256",
"4/11/2014","-101.561996459961","53.5471992492676","276","-1.55200000000002","-8.17399999999998","0.3553393752","2.82586020031592","0.888733659046063","19.3821281388",
"4/12/2014","-101.561996459961","53.5471992492676","276","-3.78500000000003","-8.68000000000001","7.36770204","3.5465719510052","0.930176086805432","10.4487302304",
"4/13/2014","-101.561996459961","53.5471992492676","276","-5.02100000000002","-13.569","1.912307976","3.22704982867547","0.916587029440768","12.9103452828",
"4/14/2014","-101.561996459961","53.5471992492676","276","-4.96100000000001","-20.136","0.307274004","1.54592437370852","0.865362709894079","22.0565311344",
"4/15/2014","-101.561996459961","53.5471992492676","276","-6.07400000000001","-14.058","0.7038109944","3.43198564413661","0.923544422509467","17.6829768972",
"4/16/2014","-101.561996459961","53.5471992492676","276","-4.35300000000001","-12.979","0.5390165736","1.96657498508628","0.927353026775685","18.7251242436",
"4/17/2014","-101.561996459961","53.5471992492676","276","-1.10399999999998","-13.959","0.5527499328","2.89744977329117","0.933755979819842","18.7218164844",
"4/18/2014","-101.561996459961","53.5471992492676","276","-1.17399999999998","-6.69","11.594005344","5.28466863294529","0.976706290250863","8.03060653644",
"4/19/2014","-101.561996459961","53.5471992492676","276","0.000999999999976353","-1.67599999999999","10.21729464","3.50893954967338","0.993009293183166","8.2834549236",
"4/20/2014","-101.561996459961","53.5471992492676","276","0.807000000000016","-5.46899999999999","0.497818224","1.46311303982987","0.991774520811576","10.27889070696",
"4/21/2014","-101.561996459961","53.5471992492676","276","3.50299999999999","-0.420000000000016","1.005935076","1.9929124715922","0.994676449401448","6.62829551028",
"4/22/2014","-101.561996459961","53.5471992492676","276","10.259","0.456999999999994","0.3501891576","2.49934111039982","0.954227996464592","21.335502987",
"4/23/2014","-101.561996459961","53.5471992492676","276","3.81","0.935999999999979","1.908875304","5.25969833937317","0.986283096406504","4.97364121044",
"4/24/2014","-101.561996459961","53.5471992492676","276","1.70299999999997","-1.471","14.65988256","6.02377721982984","0.984875453355424","4.056366035232",
"4/25/2014","-101.561996459961","53.5471992492676","276","0.557999999999993","-1.49099999999999","8.4474576","4.03006879659635","0.993088176892075","7.06876662924",
"4/26/2014","-101.561996459961","53.5471992492676","276","2.27800000000002","-0.298000000000002","3.88641384","3.36416510367326","0.995981623902093","6.4229949216",
"4/27/2014","-101.561996459961","53.5471992492676","276","3.375","1.15800000000002","2.186965692","5.50323976094898","0.984372013470212","5.2000528752",
"4/28/2014","-101.561996459961","53.5471992492676","276","2.47199999999998","0.586999999999989","8.71009488","3.93248057252272","0.98844092058693","4.81590608508",
"4/29/2014","-101.561996459961","53.5471992492676","276","4.45299999999997","0.512999999999977","1.919172744","2.00766098394615","0.995073941177824","5.7589046676",
"4/30/2014","-101.561996459961","53.5471992492676","276","5.791","1.72500000000002","1.96723908","3.48155636744262","0.981660662722533","4.88753046936",
"5/1/2014","-101.561996459961","53.5471992492676","276","12.07","0.156999999999982","12.89520072","3.30832096087767","0.962212027126698","7.59922048872",
"5/2/2014","-101.561996459961","53.5471992492676","276","6.31099999999998","-1.60899999999998","1.759529304","4.70077039804323","0.846259755268467","10.26374391792",
"5/3/2014","-101.561996459961","53.5471992492676","276","3.31099999999998","-3.32999999999998","0.7656097248","4.48886032729529","0.699550693699707","13.43622221964",
"5/4/2014","-101.561996459961","53.5471992492676","276","7.86900000000003","-3.55799999999999","0.144195588","1.28166759260615","0.644357458612159","18.3433288032",
"5/5/2014","-101.561996459961","53.5471992492676","276","5.19799999999998","-2.315","5.215074588","2.60088147234963","0.837174569600845","7.631188668",
"5/6/2014","-101.561996459961","53.5471992492676","276","6.82100000000003","-3.83100000000002","3.8503671624","1.82489967589615","0.939568211196768","7.79514385896",
"5/7/2014","-101.561996459961","53.5471992492676","276","8.58199999999999","0.0470000000000255","1.635932412","2.71980442594097","0.774198539449405","25.108516692",
"5/8/2014","-101.561996459961","53.5471992492676","276","12.742","-0.839999999999975","0.008583066","2.69035302964032","0.500010585192866","21.8672911512",
"5/9/2014","-101.561996459961","53.5471992492676","276","18.105","3.73399999999998","1.3252261536","2.72734468764884","0.580140389415279","19.6887294288",
"5/10/2014","-101.561996459961","53.5471992492676","276","12.071","1.47000000000003","0.12359628","3.86007636636044","0.574398935950577","25.4636988822",
"5/11/2014","-101.561996459961","53.5471992492676","276","9.04300000000001","0.579999999999984","0.0686645568","2.31231574683371","0.547166540612523","15.91929164052",
"5/12/2014","-101.561996459961","53.5471992492676","276","8.72800000000001","-0.689000000000021","0.26092539","3.46184691563101","0.634971652004457","16.0222234284",
"5/13/2014","-101.561996459961","53.5471992492676","276","5.81400000000002","-0.759000000000015","0.9733203504","5.23759510780868","0.6445053845583","12.6639223992",
"5/14/2014","-101.561996459961","53.5471992492676","276","12.142","-4.40699999999998","0","2.62024015071001","0.542222162572375","29.08295871444",
"5/15/2014","-101.561996459961","53.5471992492676","276","19.572","-0.682999999999993","0","2.13481197759362","0.36576335732755","28.22117808888",
"5/16/2014","-101.561996459961","53.5471992492676","276","19.81","1.887","0.09956376","1.77478293493179","0.425377507812423","27.25898643324",
"5/17/2014","-101.561996459961","53.5471992492676","276","14.363","3.96699999999998","0.9338375088","2.86107986477626","0.488775265467484","26.20656020124",
"5/18/2014","-101.561996459961","53.5471992492676","276","12.681","1.142","0.59909832","3.81187552075239","0.500372731848944","16.8611692392",
"5/19/2014","-101.561996459961","53.5471992492676","276","14.04","3.62200000000001","0.8102418912","4.79079561584956","0.473751869803464","17.1214447176",
"5/20/2014","-101.561996459961","53.5471992492676","276","17.602","3.553","0","3.120122194097","0.48815150630987","27.9407095722",
"5/21/2014","-101.561996459961","53.5471992492676","276","20.249","4.24599999999998","0","3.20152228712587","0.466945394860964","28.64580459876",
"5/22/2014","-101.561996459961","53.5471992492676","276","24.694","9.334","3.54309048","2.39446393478695","0.61554261270046","22.062046869",
"5/23/2014","-101.561996459961","53.5471992492676","276","33.345","12.785","6.0493452624","2.41713997606355","0.665962444957746","16.5898750608",
"5/24/2014","-101.561996459961","53.5471992492676","276","32.331","15.557","7.3574064","2.76852125184682","0.651761768911246","11.9180083284",
"5/25/2014","-101.561996459961","53.5471992492676","276","18.549","8.77100000000002","0.401688","3.49060167687329","0.606474123011735","23.122306458",
"5/26/2014","-101.561996459961","53.5471992492676","276","13.322","5.53300000000002","4.885481484","3.30449552905579","0.725286072562346","8.9559941868",
"5/27/2014","-101.561996459961","53.5471992492676","276","13.056","6.01100000000002","8.56246464","2.7649363795468","0.927905466495569","3.55735318572",
"5/28/2014","-101.561996459961","53.5471992492676","276","17.132","8.95699999999999","0.3364564824","3.04555406180578","0.740959972205379","25.97251884588",
"5/29/2014","-101.561996459961","53.5471992492676","276","10.571","7.99000000000001","70.020689724","4.2937459955795","0.938654460996113","2.2963073328",
"5/30/2014","-101.561996459961","53.5471992492676","276","19.488","9.20800000000003","0.9716029128","5.06970700951551","0.681196680309648","26.1919022364",
"5/31/2014","-101.561996459961","53.5471992492676","276","23.33","10.673","0.0017166132","3.80424463213397","0.531501822166222","27.5477655672",
"6/1/2014","-101.561996459961","53.5471992492676","276","15.038","6.82600000000002","0.0068664528","2.50758671117936","0.605174844621746","17.1063029016",
"6/2/2014","-101.561996459961","53.5471992492676","276","24.464","5.03399999999999","0.0034332264","1.19040452444213","0.585233352296879","30.0494227032",
"6/3/2014","-101.561996459961","53.5471992492676","276","23.385","9.83600000000001","0.755309952","2.3002803946283","0.610434265277748","20.6496734076",
"6/4/2014","-101.561996459961","53.5471992492676","276","19.975","11.356","18.3574608264","2.95666251783324","0.81969968430293","10.9519489458",
"6/5/2014","-101.561996459961","53.5471992492676","276","13.948","5.44499999999999","2.839278564","3.79502154017973","0.899601582741107","5.6835511452",
"6/6/2014","-101.561996459961","53.5471992492676","276","7.31599999999997","1.52600000000001","2.0307537792","5.3208777406244","0.761355419295455","9.4826333088",
"6/7/2014","-101.561996459961","53.5471992492676","276","13.347","-0.286000000000001","0.0102996792","3.15173610089813","0.660448524751929","20.8925988444",
"6/8/2014","-101.561996459961","53.5471992492676","276","17.307","2.23899999999998","0.6900784992","1.36678321819075","0.607001234053517","17.1128419452",
"6/9/2014","-101.561996459961","53.5471992492676","276","16.784","6.05500000000001","2.1045671064","3.38088727010919","0.628769571212672","14.46416082",
"6/10/2014","-101.561996459961","53.5471992492676","276","10.876","6.30000000000001","18.91708272","3.32325094574333","0.970261647563272","2.44421487216",
"6/11/2014","-101.561996459961","53.5471992492676","276","18.891","3.44400000000002","0.04806504","2.99295500590929","0.653485906402739","24.2348566608",
"6/12/2014","-101.561996459961","53.5471992492676","276","21.96","7.55399999999997","1.833343704","2.63017999792513","0.646376243669725","23.716078128",
"6/13/2014","-101.561996459961","53.5471992492676","276","14.286","6.59300000000002","2.29168008","3.44138150477887","0.801472542561656","13.96669272336",
"6/14/2014","-101.561996459961","53.5471992492676","276","18.095","4.72500000000002","0","3.76162953599234","0.560196811679594","25.6828142952",
"6/15/2014","-101.561996459961","53.5471992492676","276","12.212","7.82400000000001","21.85421904","3.60192863458204","0.901960875613289","3.5407334916",
"6/16/2014","-101.561996459961","53.5471992492676","276","15.377","7.53899999999999","12.70294254","2.59746921927236","0.909491178852589","8.16970892868",
"6/17/2014","-101.561996459961","53.5471992492676","276","17.785","6.94200000000001","0.1407622392","2.55485599790518","0.792770586954212","14.4035646696",
"6/18/2014","-101.561996459961","53.5471992492676","276","20.129","9.91899999999998","0.8548740288","3.93665688600818","0.79923056866189","13.45077228636",
"6/19/2014","-101.561996459961","53.5471992492676","276","22.301","11.638","6.512830524","3.97776078310716","0.848589464136958","15.1854409548",
"6/20/2014","-101.561996459961","53.5471992492676","276","20.876","12.516","15.94562256","3.25026973910415","0.907963071872214","19.31077427472",
"6/21/2014","-101.561996459961","53.5471992492676","276","17.438","12.122","11.000063808","2.3196991402856","0.959279009378842","11.709789742548",
"6/22/2014","-101.561996459961","53.5471992492676","276","16.299","13.301","12.59479512","2.77723725254192","0.973637032767475","4.5382393692",
"6/23/2014","-101.561996459961","53.5471992492676","276","19.395","7.10000000000002","1.86424416","3.3774208632","0.649898734651114","30.02201017884",
"6/24/2014","-101.561996459961","53.5471992492676","276","20.519","4.21300000000002","0","2.83739010502679","0.519812380511395","32.096950614",
"6/25/2014","-101.561996459961","53.5471992492676","276","23.423","5.75999999999999","0","2.57864826039797","0.541477777044578","30.9986063928",
"6/26/2014","-101.561996459961","53.5471992492676","276","22.384","11.308","2.4032575944","2.42277619591722","0.810607704478812","16.3060837236",
"6/27/2014","-101.561996459961","53.5471992492676","276","20.757","14.717","16.29410004","2.16023159201017","0.956342393037911","13.2036983676",
"6/28/2014","-101.561996459961","53.5471992492676","276","24.178","13.927","16.778177244","1.98703001890362","0.860639171940904","16.23746304252",
"6/29/2014","-101.561996459961","53.5471992492676","276","17.54","14.665","38.1465936","5.34459959274183","0.979694663953127","1.4895418824",
"6/30/2014","-101.561996459961","53.5471992492676","276","15.279","9.13299999999998","8.44230456","5.58736709834015","0.961374358943835","2.6654822244",
"7/1/2014","-101.561996459961","53.5471992492676","276","19.734","6.52300000000002","0.03776544","3.8101587764587","0.586608532128344","29.8463718096",
"7/2/2014","-101.561996459961","53.5471992492676","276","23.579","7.93400000000003","0","1.58487281864622","0.635582208529336","23.9618083464",
"7/3/2014","-101.561996459961","53.5471992492676","276","27.175","8.173","0","2.07010276172464","0.581286179931117","27.3103337736",
"7/4/2014","-101.561996459961","53.5471992492676","276","22.554","13.477","27.32333112","2.64727022851112","0.867648267649877","8.6376102048",
"7/5/2014","-101.561996459961","53.5471992492676","276","27.3","15.918","1.926038916","2.86596216924659","0.702637438976538","24.3834824628",
"7/6/2014","-101.561996459961","53.5471992492676","276","24.329","13.653","0.291824208","3.62928323224237","0.647232533666028","19.754783334",
"7/7/2014","-101.561996459961","53.5471992492676","276","20.27","11.35","4.5078318","3.62670365778651","0.86394164711572","16.5250255176",
"7/8/2014","-101.561996459961","53.5471992492676","276","20.124","10.204","1.1775977064","2.8318745111581","0.737759067743078","20.367718686",
"7/9/2014","-101.561996459961","53.5471992492676","276","26.811","11.637","0","3.34368259946992","0.590682120366946","29.8689228468",
"7/10/2014","-101.561996459961","53.5471992492676","276","26.015","15.021","7.62519636","3.59157820407809","0.697932504352177","24.46574887944",
"7/11/2014","-101.561996459961","53.5471992492676","276","20.797","13.255","0.7209783","5.29132799477296","0.627907641473141","14.435855316",
"7/12/2014","-101.561996459961","53.5471992492676","276","19.027","10.423","2.386092132","5.61777981561876","0.601304546916563","23.9860006812",
"7/13/2014","-101.561996459961","53.5471992492676","276","15.055","9.577","0.024032592","6.02685449660529","0.637753138926147","12.58055900856",
"7/14/2014","-101.561996459961","53.5471992492676","276","18.836","6.875","0.1270294344","2.40696999979248","0.773099839261283","20.9741605344",
"7/15/2014","-101.561996459961","53.5471992492676","276","26.76","4.78899999999999","0","1.32062986434568","0.689026575886992","26.74576098",
"7/16/2014","-101.561996459961","53.5471992492676","276","27.47","10.903","0","3.00540053866541","0.583864394548343","29.2978893204",
"7/17/2014","-101.561996459961","53.5471992492676","276","27.743","15.357","0","2.3753954083501","0.62184515071049","26.9529518088",
"7/18/2014","-101.561996459961","53.5471992492676","276","16.414","10.565","15.17142816","3.5860380208773","0.958573947222976","3.3942603096",
"7/19/2014","-101.561996459961","53.5471992492676","276","24.688","9.06900000000002","8.490376692","3.0907192027359","0.835976659315112","14.9148799884",
"7/20/2014","-101.561996459961","53.5471992492676","276","21.376","13.77","0.5115493728","3.77408575532652","0.768534232348302","15.7185771732",
"7/21/2014","-101.561996459961","53.5471992492676","276","22.917","8.875","0","2.62956275591842","0.628822813521898","26.4097257282",
"7/22/2014","-101.561996459961","53.5471992492676","276","22.863","7.07799999999997","0","1.90161286774742","0.648008264229255","28.8285217596",
"7/23/2014","-101.561996459961","53.5471992492676","276","26.561","10.883","0","2.0671355580045","0.548532248393645","28.3304578752",
"7/24/2014","-101.561996459961","53.5471992492676","276","25.889","13.768","1.308060072","4.44661687399578","0.674860463336463","24.7489131204",
"7/25/2014","-101.561996459961","53.5471992492676","276","24.423","15.192","18.49308876","3.17497840773138","0.755037651091587","22.691619414",
"7/26/2014","-101.561996459961","53.5471992492676","276","16.555","11.598","10.9279635192","3.95272345053722","0.83896543203534","13.4645329872",
"7/27/2014","-101.561996459961","53.5471992492676","276","21.274","10.075","0.0102996792","1.67027031205356","0.701689753338192","12.0039223302",
"7/28/2014","-101.561996459961","53.5471992492676","276","24.266","7.21899999999999","0","1.76530464647903","0.678407697538576","27.5674325904",
"7/29/2014","-101.561996459961","53.5471992492676","276","26.742","11.377","0","2.15454914936997","0.647381774724271","27.2129233068",
"7/30/2014","-101.561996459961","53.5471992492676","276","29.004","14.165","0","2.04770061119476","0.64996541777347","21.15049001328",
"7/31/2014","-101.561996459961","53.5471992492676","276","28.721","11.823","0","2.59180104961237","0.549197425716788","22.5880285428",
